https://helion.pl/ksiazki/jak-naprawic-sprzet-elektroniczny-poradnik-dla-nieelektronika-wydanie-ii-michael-jay-geier,janas2.htm#format/d , https://helion.pl/view/12345/janas2
https://helion.pl/ksiazki/algorytmy-data-science-siedmiodniowy-przewodnik-wydanie-ii-david-natingga,aldas2.htm#format/d , https://helion.pl/view/12345/aldas2
https://helion.pl/ksiazki/algorytmy-data-science-siedmiodniowy-przewodnik-wydanie-ii-david-natingga,aldas2.htm#format/d , https://helion.pl/view/12345/aldas2
https://helion.pl/ksiazki/algorytmy-data-science-siedmiodniowy-przewodnik-wydanie-ii-david-natingga,aldas2.htm#format/d , https://helion.pl/view/12345/aldas2
https://helion.pl/kategorie/ksiazki/programowanie , https://helion.pl/view/12345/helion
https://helion.pl/kategorie/programowanie-mobilne , https://helion.pl/kategorie/programowanie-mobilne /https://helion.pl
https://helion.pl/kategorie/programowanie-mobilne , https://helion.pl/kategorie/programowanie-mobilne /https://helion.pl
https://helion.pl/kategorie/programowanie-mobilne , https://helion.pl/kategorie/programowanie-mobilne /https://helion.pl
https://helion.pl/kategorie/programowanie-mobilne , https://helion.pl/kategorie/programowanie-mobilne /https://helion.pl
https://helion.pl/kategorie/programowanie-mobilne , https://helion.pl/kategorie/programowanie-mobilne /https://helion.pl
https://helion.pl/kategorie/programowanie-mobilne , https://helion.pl/kategorie/programowanie-mobilne /https://helion.pl
https://helion.pl/kategorie/programowanie-mobilne , https://helion.pl/kategorie/programowanie-mobilne /https://helion.pl
https://helion.pl/kategorie/programowanie-mobilne , https://helion.pl/kategorie/programowanie-mobilne /https://helion.pl
https://helion.pl/kategorie/programowanie-mobilne , https://helion.pl/kategorie/programowanie-mobilne /https://helion.pl
https://helion.pl/kategorie/programowanie , https://helion.pl/12345/page/kategorie/programowanie 
https://helion.pl/kategorie/programowanie , https://helion.pl/12345/page/kategorie/programowanie 
https://helion.pl/zakupy/edit.cgi , https://helion.pl/add/12345
https://helion.pl/zakupy/edit.cgi , https://helion.pl/add/12345
https://helion.pl/zakupy/edit.cgi , https://helion.pl/add/12345
https://helion.pl/zakupy/edit.cgi , https://helion.pl/add/12345
https://helion.pl/zakupy/edit.cgi , https://helion.pl/add/12345
https://helion.pl/zakupy/edit.cgi , https://helion.pl/add/12345
https://helion.pl/kategorie/ksiazki/programowanie , https://helion.pl/view/12345/helion
https://helion.pl/kategorie/ksiazki/programowanie , https://helion.pl/12345/page/kategorie/ksiazki
https://helion.pl , https://helion.pl/view/12345
https://helion.pl/, 
https://helion.pl/, 
https://helion.pl/kategorie/ksiazki, https://helion.pl/54321/page/kategorie/ksiazki
https://helion.pl/kategorie/ksiazki/programowanie, https://helion.pl/54321/page/kategorie/ksiazki
https://helion.pl/ksiazki/algorytmy-data-science-siedmiodniowy-przewodnik-wydanie-ii-david-natingga,aldas2.htm#format/e, https://helion.pl/view/54321/aldas2
https://helion.pl/zakupy/edit.cgi, https://helion.pl/add/54321
https://helion.pl/, 
https://helion.pl/kategorie/ksiazki, https://helion.pl/54321/page/kategorie/ksiazki
https://helion.pl/kategorie/ksiazki/programowanie, https://helion.pl/54321/page/kategorie/ksiazki
https://helion.pl/ksiazki/algorytmy-data-science-siedmiodniowy-przewodnik-wydanie-ii-david-natingga,aldas2.htm#format/e, https://helion.pl/view/54321/aldas2
https://helion.pl/zakupy/edit.cgi, https://helion.pl/add/54321
https://helion.pl/, 
https://helion.pl/kategorie/ksiazki, https://helion.pl/54321/page/kategorie/ksiazki
https://helion.pl/kategorie/ksiazki/programowanie, https://helion.pl/54321/page/kategorie/ksiazki
https://helion.pl/ksiazki/algorytmy-data-science-siedmiodniowy-przewodnik-wydanie-ii-david-natingga,aldas2.htm#format/e, https://helion.pl/view/54321/aldas2
https://helion.pl/zakupy/edit.cgi, https://helion.pl/add/54321
https://helion.pl , https://helion.pl/view/12345
https://helion.pl, https://helion.pl/view/93834
https://helion.pl/kategorie/ksiazki, https://helion.pl/93834/page/kategorie/ksiazki
https://helion.pl/kategorie/ksiazki/programowanie, https://helion.pl/93834/page/kategorie/ksiazki
https://helion.pl/ksiazki/algorytmy-data-science-siedmiodniowy-przewodnik-wydanie-ii-david-natingga,aldas2.htm#format/e, https://helion.pl/view/93834/aldas2
https://helion.pl/zakupy/edit.cgi, https://helion.pl/add/93834